img_1.png, 3
img_2.png, 4
img_3.png, 2
img_4.png, 7
img_5.png, 7
img_6.png, 5
img_7.png, 7
img_8.png, 8
img_9.png, 8
img_10.png, 2
img_11.png, 0
img_12.png, 4
img_13.png, 2
img_14.png, 0
img_15.png, 7
img_16.png, 7
img_17.png, 0
img_18.png, 0
img_19.png, 8
img_20.png, 4
img_21.png, 2
img_22.png, 1
img_23.png, 9
img_24.png, 1
img_25.png, 2
img_26.png, 8
img_27.png, 0
img_28.png, 1
img_29.png, 6
img_30.png, 4
img_31.png, 3
img_32.png, 7
img_33.png, 8
img_34.png, 7
img_35.png, 7
img_36.png, 1
img_37.png, 9
img_38.png, 5
img_39.png, 7
img_40.png, 5
img_41.png, 4
img_42.png, 5
img_43.png, 9
img_44.png, 3
img_45.png, 4
img_46.png, 5
img_47.png, 1
img_48.png, 1
img_49.png, 1
img_50.png, 3
img_51.png, 2
img_52.png, 8
img_53.png, 5
img_54.png, 7
img_55.png, 9
img_56.png, 0
img_57.png, 6
img_58.png, 6
img_59.png, 9
img_60.png, 3
img_61.png, 7
img_62.png, 3
img_63.png, 8
img_64.png, 3
img_65.png, 1
img_66.png, 6
img_67.png, 5
img_68.png, 3
img_69.png, 5
img_70.png, 4
img_71.png, 2
img_72.png, 2
img_73.png, 7
img_74.png, 1
img_75.png, 3
img_76.png, 6
img_77.png, 4
img_78.png, 5
img_79.png, 4
img_80.png, 8
img_81.png, 3
img_82.png, 4
img_83.png, 8
img_84.png, 8
img_85.png, 3
img_86.png, 0
img_87.png, 0
img_88.png, 4
img_89.png, 7
img_90.png, 8
img_91.png, 5
img_92.png, 2
img_93.png, 4
img_94.png, 0
img_95.png, 7
img_96.png, 8
img_97.png, 6
img_98.png, 9
img_99.png, 1
img_100.png, 7
